Pipo's Grill,1800 FOLSOM ST,
Bob Johnson,Assessors Block 0733/Lot010,Mo-Su:10AM-7PM
Ziaurehman Amini,5 THE EMBARCADERO,
The Chai Cart,79 NEW MONTGOMERY ST,Mo-Su:7AM-6PM
Bob Johnson,1709 REVERE AVE,Mo-Su:10AM-7PM
Ziaurehman Amini,1 CALIFORNIA ST,
Athena SF Gyro,10 SOUTH VAN NESS AVE,We/Th/Fr:6AM-6PM
Athena SF Gyro,699 08TH ST,Mo-We:6AM-6PM
Reecees Soulicious,201 BAY SHORE BLVD,Mo-We:7AM-7PM
Reecees Soulicious,4705 03RD ST,Th/Fr/Sa:7AM-7PM
Spice Affairs,667 MISSION ST,
Spice Affairs,290 SUTTER ST,
Chilifruit,Assessors Block /Lot,
Halal Cart of San Francisco,555 MARKET ST,
Halal Cart of San Francisco,1 FRONT ST,
Halal Cart LLC,901 MARKET ST,Sa-Su:12AM-3AM;Mo-Su:10AM-8PM;Fr/Sa:9PM-12AM
Los 2 Cuates,490 02ND ST,Tu/We/Th:7AM-8PM
Swell Cream & Coffee,2450 TARAVAL ST,
Swell Cream & Coffee,2401 36TH AVE,
M M Catering,98 MISSION ST,Mo-Fr:7AM-9AM
Fruteria Serrano,4650 MISSION ST,Mo/Th/Fr:11AM-6PM
M M Catering,1499 ILLINOIS ST,Mo-Fr:5PM-6PM
Cochinita,2601 24TH ST,Mo/Tu/Sa:11AM-5PM
M M Catering,Assessors Block 3930A/Lot002,Mo-Fr:7PM-8PM
M M Catering,661 HOWARD ST,Mo-Fr:8PM-9PM
M M Catering,20 HAIGHT ST,Mo-Fr:6PM-8PM
M M Catering,400 ALABAMA ST,Mo-Fr:7AM-8AM/9AM-10AM/12PM-1PM/8PM-9PM
M M Catering,100 BROADWAY,Mo-Fr:10AM-11AM
Mob Dog,720 MARKET ST,Th/Fr/Sa:8AM-10PM
M M Catering,1200 MISSISSIPPI ST,Mo/Tu/We/Th/Fr:12AM-5AM;Sa:2PM-6PM;Mo-Fr:3PM-6PM
M M Catering,45 SPEAR ST,Mo-Fr:7AM-8AM/9AM-11AM/12PM-1PM
M M Catering,1140 HARRISON ST,Mo-Fr:9PM-10PM
M M Catering,667 MISSION ST,Mo-Fr:8PM-9PM
M M Catering,1095 INDIANA ST,Mo-Fr:6PM-7PM
M M Catering,2700 03RD ST,Mo-Fr:6PM-7PM
Eli's Hot Dogs,101 BAY SHORE BLVD,Mo/Tu/We/Th/Fr:9AM-5PM
BHUK Burger,11 PHELAN AVE,Mo/Tu/We/Th/Fr:7AM-8PM
Tacos Santo Toribio,928 TOLAND ST,
Kabob Trolley LLC",298 KING ST,Mo-Su:10AM-8PM
Singh Brothers Ice Cream,360 PENINSULA AVE,Mo-Fr:5PM-6PM
Singh Brothers Ice Cream,195 KISKA RD,Mo-Fr:4PM-5PM
Singh Brothers Ice Cream,2115 JENNINGS ST,Mo-Fr:3PM-4PM
Singh Brothers Ice Cream,1104 FITZGERALD AVE,Mo-Fr:2PM-3PM
Singh Brothers Ice Cream,1000 HOLLISTER AVE,Mo-Fr:12PM-1PM
Singh Brothers Ice Cream,297 HARBOR RD,Mo-Fr:3PM-4PM
Singh Brothers Ice Cream,1309 INGALLS ST,Mo-Fr:4PM-5PM
Singh Brothers Ice Cream,1207 SHAFTER AVE,Mo-Fr:3PM-4PM
Singh Brothers Ice Cream,1475 DONNER AVE,Mo-Fr:1PM-2PM
Singh Brothers Ice Cream,1550 WALLACE AVE,Mo-Fr:2PM-3PM
Singh Brothers Ice Cream,1562 BANCROFT AVE,Mo-Fr:1PM-2PM
Singh Brothers Ice Cream,1173 INGERSON AVE,Mo-Fr:12PM-1PM
Singh Brothers Ice Cream,35 NIBBI CT,Mo-Fr:4PM-5PM
Singh Brothers Ice Cream,1060 KEY AVE,Mo-Fr:1PM-2PM
Singh Brothers Ice Cream,800 JAMESTOWN AVE,Mo-Fr:12PM-1PM
Singh Brothers Ice Cream,1698 KIRKWOOD AVE,Mo-Fr:4PM-5PM
Singh Brothers Ice Cream,2900 GRIFFITH ST,Mo-Fr:12PM-1PM
Singh Brothers Ice Cream,3444 JENNINGS ST,Mo-Fr:1PM-2PM
Singh Brothers Ice Cream,1420 YOSEMITE AVE,Mo-Fr:2PM-3PM
Singh Brothers Ice Cream,1101 PALOU AVE,Mo-Fr:2PM-3PM
Singh Brothers Ice Cream,1191 QUESADA AVE,Mo-Fr:3PM-4PM
Taza Halal Cart,532 MARKET ST,Mo-We:9AM-8PM
Munch India,Assessors Block /Lot,
Taqueria Lolita,750 PHELPS ST,Mo-We:7AM-3PM
Taqueria Lolita,1700 EVANS AVE,Th/Fr/Sa:7AM-3PM
Bonito Poke,409 ILLINOIS ST,Th/Fr/Sa:10AM-10PM
Bonito Poke,505 HOWARD ST,Tu/We/Fr:10AM-2PM
Golden Gate Halal Food,1 DRUMM ST,Mo/We/Fr:8AM-8PM
Golden Gate Halal Food,979 MARKET ST,Mo/Tu/Th:8AM-8PM
Plaza Garibaldy,1 MONTGOMERY ST,Mo/We/Fr:10AM-3PM
Golden Gate Halal Food,1169 MARKET ST,We/Fr/Sa:8AM-8PM
Plaza Garibaldy,540 HOWARD ST,Mo-We:3PM-8PM
Julie's Hot Dogs,1850 MISSION ST,Su/Fr/Sa:7AM-5PM
Serendipity SF,400 CALIFORNIA ST,Su/We/Sa:11AM-3PM
Serendipity SF,332 PINE ST,Tu/Th:11AM-3PM
Julie's Hot Dogs,2386 MISSION ST,Tu/We/Th:12AM-3AM;Mo-We:12PM-12AM
Julie's Hot Dogs,2101 MISSION ST,Tu/We/Th:10AM-8PM
Street Meet,1776 MISSION ST,Th/Fr/Sa:8AM-2AM
Mang Hang Catering,1652 EDDY ST,Mo-Fr:11AM-12PM
Mang Hang Catering,1240 MINNESOTA ST,Mo-Fr:1PM-2PM
Mang Hang Catering,501 HOWARD ST,Mo-Fr:6AM-7AM
Mang Hang Catering,730 ELLIS ST,Mo-Fr:10AM-11AM
Mang Hang Catering,1118 MISSION ST,Mo-Fr:12PM-1PM
Mang Hang Catering,1570 BURKE AVE,Mo-Fr:2PM-3PM
Mang Hang Catering,3300 CESAR CHAVEZ ST,Mo-Fr:8AM-9AM/11AM-12PM
Mang Hang Catering,1580 DAVIDSON AVE,Mo-Fr:2PM-3PM
Mang Hang Catering,500 MASONIC AVE,Mo-Fr:6AM-7AM/11AM-12PM
Mang Hang Catering,1 THOMAS MORE WAY,Mo-Fr:7AM-8AM/10AM-11AM/12PM-1PM
Mang Hang Catering,1540 PINE ST,Mo-Fr:10AM-11AM
Mang Hang Catering,599 MASONIC AVE,Mo-Fr:9AM-10AM
Mang Hang Catering,85 02ND ST,Mo-Fr:7AM-8AM/10AM-11AM/12PM-1PM
Mang Hang Catering,432 CLAY ST,Mo-Fr:7AM-8AM/10AM-11AM/12PM-1PM
Mang Hang Catering,544 02ND ST,Mo-Fr:7AM-8AM/10AM-11AM/11AM-12PM
Mang Hang Catering,2401 22ND ST,Mo-Fr:10AM-11AM
Mang Hang Catering,690 MISSION ST,Mo-Fr:7AM-8AM/10AM-11AM/12PM-1PM
Mang Hang Catering,Assessors Block 3902/Lot002,Mo-Fr:7AM-8AM/10AM-11AM/12PM-1PM
Mang Hang Catering,740 VALENCIA ST,Mo-Fr:11AM-12PM
The Chef Station,425 DIVISADERO ST,
The Chef Station,8 10TH ST,
Ruru Juice LLC,80 SUTTER ST,Mo/We/Fr:9AM-1PM
Julie's Hot Dogs,2445 MISSION ST,Su/Fr/Sa:12AM-3AM;Th/Fr/Sa:10PM-12AM
Julie's Hot Dogs,2365 MISSION ST,
Ruru Juice LLC,601 MISSION ST,Tu/Th/Fr:9AM-1PM
May Catering,535 MINNESOTA ST,Mo-Fr:12PM-1PM
Bay Area Dots LLC",567 BAY ST,Mo-Su:6AM-12AM
May Catering,630 TREAT AVE,Mo-Fr:9AM-10AM/11AM-12PM
May Catering,2565 03RD ST,Mo-Fr:11AM-12PM
John's Catering #5,555 CALIFORNIA ST,Mo-Fr:7AM-8AM
John's Catering #5,400 HOWARD ST,Mo-Fr:6AM-7AM/10AM-11AM/12PM-1PM
Quan Catering,3305 03RD ST,Mo-Fr:7AM-8AM/10AM-12PM
Quan Catering,1575 BURKE AVE,
BH & MT LLC,2145 MARKET ST,Mo-Fr:10AM-11AM
Quan Catering,2555 BAY SHORE BLVD,Mo-Fr:9AM-10AM
F & C Catering,898 PENNSYLVANIA AVE,Mo/Tu/We/Th:10AM-11AM
Liang Bai Ping,1377 FELL ST,Mo-Fr:1PM-3PM
Liang Bai Ping,1475 CARROLL AVE,Mo-Fr:7AM-8AM
D & T Catering,2701 GREEN ST,Mo-Fr:10AM-11AM
The Chai Cart,525 MARKET ST,Mo-Fr:8AM-4PM
Liang Bai Ping,1127 SHAFTER AVE,Mo-Fr:8AM-9AM
F & C Catering,1000 EVANS AVE,Mo-Fr:8AM-10AM/11AM-12PM
F & C Catering,700 25TH ST,Mo-Fr:12PM-1PM
D & T Catering,2590 GREEN ST,Mo-Fr:8AM-9AM
Curry Up Now,225 BUSH ST,Mo-Fr:11AM-2PM
May Catering,3030 17TH ST,Mo-Fr:12PM-1PM
D & T Catering,3756 JACKSON ST,Mo-Fr:9AM-10AM
Park's Catering,3801 03RD ST,Mo-Fr:9AM-10AM
Paradise Catering,Assessors Block /Lot,Mo-Fr:10AM-11AM
Two G's Catering,409 ILLINOIS ST,Mo-Su:10AM-11AM
John's Catering #5,50 IVY ST,Mo-Fr:11AM-12PM
The New York Frankfurter Co. of CA Inc. DBA: Annie's Hot Dogs",101 STOCKTON ST,Mo-Su:6AM-9PM
May Catering,1006 16TH ST,Mo-Fr:12PM-1PM/1PM-2PM
Creme Brulee To Go,870 MARKET ST,Mo-Fr:8AM-7PM;Sa-Su:11AM-7PM
Mini Mobile Food Catering,491 BAY SHORE BLVD,Mo-Fr:10AM-1PM
Anas Goodies Catering,2660 NEWHALL ST,Mo-Fr:7AM-8AM
San Francisco Street Foods Inc.",2 MONTGOMERY ST,Mo-Su:6AM-12AM
Anas Goodies Catering,2030 03RD ST,Mo-Fr:12PM-1PM
Anas Goodies Catering,368 ELM ST,Mo-Su:10AM-11AM
Let's Be Frank,425 HAYES ST,Su/We:11AM-5PM
San Francisco Street Foods Inc.",5 THE EMBARCADERO,Mo-Su:6AM-12AM
Golden Catering,2401 BAY SHORE BLVD,Mo-Fr:10AM-11AM
Liang Bai Ping,1160 REVERE AVE,Mo-Fr:11AM-12PM
Subs on Hubs,Assessors Block 8711/Lot021,Sa-Su:11AM-10PM;Mo-Fr:6PM-8PM
SF Cart Project,535 MISSION BAY BLVD SOUTH,Mo-Fr:10AM-3PM
F & C Catering,900 MINNESOTA ST,Mo-Fr:10AM-11AM
Philz Coffee Truck,250 PINE ST,Mo/We/Fr:6AM-3PM
D & T Catering,3550 WASHINGTON ST,Mo-Fr:9AM-10AM
The New York Frankfurter Co. of CA Inc. DBA: Annie's Hot Dogs",800 MARKET ST,Mo-Su:6AM-9PM
Anas Goodies Catering,998 INDIANA ST,Mo-Fr:8AM-9AM
Munch A Bunch,1525 BRYANT ST,Mo-Fr:10AM-11AM
Natan's Catering,Assessors Block 4172/Lot010,
Liang Bai Ping,1555 BANCROFT AVE,Mo-Fr:8AM-9AM
May Catering,299 ILLINOIS ST,Mo-Fr:10AM-11AM/12PM-1PM
Two G's Catering,175 BARNEVELD AVE,Mo-Fr:9AM-10AM
May Catering,1600 DONNER AVE,Mo-Fr:4PM-5PM
BH & MT LLC,1265 GROVE ST,Mo-Fr:9AM-10AM
John's Catering #5,2010 HARRISON ST,Mo-Fr:9AM-10AM
Off the Grid Services LLC",90 BROADWAY,Fr:10AM-3PM
May Catering,3150 26TH ST,Mo-Fr:9AM-10AM
Halal Cart of San Francisco,1 MARKET ST,Mo/We:10AM-4PM
Mike's Catering,250 BROADWAY,Mo-Fr:9AM-10AM/1PM-2PM
Off the Grid Services LLC",185 BERRY ST,Sa:11AM-4PM;Th:4PM-8PM
John's Catering #5,1003 TURK ST,Mo-Fr:8AM-9AM/11AM-12PM
Liang Bai Ping,1430 YOSEMITE AVE,Mo-Fr:12PM-1PM
May Catering,2930 HAWES ST,Mo-Su:10AM-11AM
Steve's Mobile Deli,66 POTRERO AVE,Mo-Fr:9AM-11AM
May Catering,150 EXECUTIVE PARK BLVD,Mo-Fr:7PM-8PM
May Catering,777 MARIPOSA ST,Mo-Fr:9AM-10AM
D & T Catering,3839 WASHINGTON ST,Mo-Fr:10AM-11AM
Natan's Catering,435 23RD ST,
F & C Catering,Assessors Block /Lot,Mo-Fr:12PM-1PM
The Chai Cart,298 MARKET ST,Mo-Su:7AM-6PM
San Francisco Carts & Concessions Inc. DBA Stanley's Steamers Hot Dogs",233 GEARY ST,Mo-Su:6AM-12AM
Liang Bai Ping,1351 UNDERWOOD AVE,Mo-Fr:9AM-10AM
Liang Bai Ping,Assessors Block 3720/Lot001,Mo/Mo/Mo/Mo/Mo:5AM-6AM/11AM-12PM
Anas Goodies Catering,640 TENNESSEE ST,Mo-Fr:9AM-10AM/12PM-1PM
Park's Catering,1570 BURKE AVE,Mo-Fr:7AM-8AM/10AM-11AM/12PM-1PM
Linda's Catering,260 TOWNSEND ST,Mo-Fr:12PM-10PM
Mike's Catering,2323 CESAR CHAVEZ ST,Mo-Fr:7AM-8AM
Natan's Catering,400 ALEMANY BLVD,
Munch A Bunch,355 07TH ST,Mo-Fr:8AM-9AM
Linda's Catering,501 BEALE ST,Mo/Tu/We/Th/Fr:9AM-11AM
Mike's Catering,2200 CESAR CHAVEZ ST,Mo-Fr:11AM-12PM
May Catering,2301 HARRISON ST,Mo-Fr:11AM-12PM
May Catering,210 29TH ST,Mo-Fr:9AM-10AM
Eva's Catering,2045 EVANS AVE,Su:10AM-2PM
The Huge Hotdog Concession,1300 POLK ST,Su/Fr/Sa:8PM-2AM
F & C Catering,355 BRANNAN ST,Mo-Fr:9AM-10AM
BH & MT LLC,1477 GROVE ST,Mo-Fr:10AM-11AM
F & C Catering,2800 03RD ST,Mo-Fr:10AM-11AM
Liang Bai Ping,2115 JENNINGS ST,Mo-Fr:10AM-11AM
Munch A Bunch,1345 TURK ST,Mo-Fr:10AM-11AM/12PM-1PM
Park's Catering,1575 BURKE AVE,Mo-Fr:7AM-8AM/9AM-10AM/12PM-1PM
Paradise Catering,575 HARRISON ST,Mo-Fr:9AM-10AM
DO UC US Mobile Catering,2590 MARIN ST,Sa:8AM-4PM
May Catering,Assessors Block 3810/Lot008,Mo/Mo/Mo/Mo/Mo:9AM-10AM/10AM-11AM/12PM-1PM/1PM-2PM
Linda's Catering,999 DIVISADERO ST,Mo/Tu/We/Th/Fr:7AM-7PM
Scotch Bonnet,25 MONTGOMERY ST,We:6AM-8PM
John's Catering #5,251 11TH ST,Mo-Fr:10AM-11AM/3PM-4PM
Two G's Catering,201 BERRY ST,Mo-Fr:6AM-7AM
Liang Bai Ping,1370 VAN DYKE AVE,Mo-Fr:8AM-9AM/12PM-1PM
Mini Mobile Food Catering,620 MENDELL ST,Sa:11AM-2PM
May Catering,911 MINNA ST,Mo-Fr:8PM-9PM
Two G's Catering,516 TOWNSEND ST,Mo-Fr:8AM-9AM
May Catering,1098 LE CONTE AVE,Mo-Fr:9AM-10AM/12PM-1PM
May Catering,1200 POTRERO AVE,Mo-Fr:9AM-10AM
D & T Catering,2960 BROADWAY,Mo-Fr:9AM-10AM
Steve's Mobile Deli,600 HARRISON ST,Mo-Fr:9AM-10AM/10AM-11AM
Park's Catering,330 NEWHALL ST,Mo-Fr:9AM-10AM
Park's Catering,525 PHELPS ST,Mo-Fr:10AM-11AM
Liang Bai Ping,Assessors Block /Lot,Mo/Mo/Mo/Mo/Mo:5AM-6AM/11AM-12PM
Eva's Catering,1650 20TH AVE,Sa:10AM-11AM
Park's Catering,250 NAPOLEON ST,Mo-Fr:8AM-9AM
Liang Bai Ping,1031 QUESADA AVE,Mo-Fr:11AM-12PM
San Francisco Street Foods Inc.,701 HOWARD ST,Mo-Su:6AM-12AM
Halal Cart LLC,1 MARKET ST,Tu/Th/Fr:9AM-3PM
Natan's Catering,Assessors Block 8732/Lot001,
El Gallo Jiro,3055 23RD ST,Mo/Tu/We/Th/Fr:10AM-6PM
Anas Goodies Catering,1411 MARKET ST,Mo-Fr:10AM-11AM
D & T Catering,2201 VALLEJO ST,Mo-Fr:10AM-11AM
Steve's Mobile Deli,26 THE EMBARCADERO,Mo-Fr:7AM-8AM
Natan's Catering,Assessors Block 4058/Lot010,
Quan Catering,500 SELBY ST,Mo-Fr:8AM-8AM/11AM-12PM
Anas Goodies Catering,3305 03RD ST,Mo-Fr:11AM-12PM
Park's Catering,3450 03RD ST,Mo-Fr:10AM-11AM
John's Catering #5,401 HARRISON ST,Mo-Fr:5AM-6AM
Munch A Bunch,333 12TH ST,Mo-Fr:9AM-10AM
Munch A Bunch,2200 WEBSTER ST,Mo-Fr:10AM-2PM
Quan Catering,1301 CESAR CHAVEZ ST,Mo-Fr:9AM-10AM
Natan's Catering,1650 03RD ST,
May Catering,Assessors Block 8727/Lot005,Mo-Fr:9AM-10AM/10AM-11AM/12PM-1PM/1PM-2PM
May Catering,500 16TH ST,Mo-Fr:10AM-11AM
La Jefa,531 BAY SHORE BLVD,Mo-Su:7AM-8PM
Viet Duong Co. Ltd.",1 BUSH ST,Tu/We/Th:8AM-5PM
May Catering,380 ALABAMA ST,Mo-Fr:9AM-10AM
Park's Catering,Assessors Block 4644/Lot008,Mo-Fr:6AM-7AM/10AM-11AM/11AM-12PM
Two G's Catering,30 BEALE ST,Mo-Fr:7AM-9AM
May Catering,2130 HARRISON ST,Mo-Fr:10AM-11AM
Steve's Mobile Deli,145 KING ST,Mo-Fr:9AM-10AM/12PM-1PM
Liang Bai Ping,1212 THOMAS AVE,Mo-Fr:9AM-10AM/12PM-1PM
Liang Bai Ping,300 BEALE ST,Mo-Fr:6AM-7AM
Steve's Mobile Deli,50 RIZAL ST,Mo-Fr:6AM-7AM/11AM-12PM
John's Catering #5,1900 03RD ST,Mo-Fr:9AM-10AM
Natan's Catering,Assessors Block 4296/Lot010,
Scotch Bonnet,430 CALIFORNIA ST,Tu/Th:6AM-8PM
Natan's Catering,151 MENDELL ST,
Scotch Bonnet,50 01ST ST,Mo:6AM-8PM
Philz Coffee Truck,556 SUTTER ST,Th/Fr/Sa:6AM-4PM
F & C Catering,900 07TH ST,Mo-Fr:9AM-10AM
Liang Bai Ping,1300 GRIFFITH ST,Mo-Fr:6AM-7AM
Two G's Catering,235 BERRY ST,Mo-Fr:9AM-10AM/11AM-12PM
Roadside Rotisserie Corporation / Country Grill,1 BUSH ST,Mo/We/Fr:9AM-3PM
The Chai Cart,560 VALENCIA ST,Sa-Su:9AM-4PM
Mini Mobile Food Catering,350 FREMONT ST,Mo-Fr:9AM-10AM/11AM-12PM
Steve's Mobile Deli,480 HOWARD ST,Mo-Fr:11AM-12PM
JapaCurry,400 HOWARD ST,Tu/We/Th:11AM-2PM
San Francisco Carts & Concessions Inc. DBA Stanley's Steamers Hot Dogs",345 STOCKTON ST,Mo-Su:6AM-12AM
May Catering,166 WISCONSIN ST,Mo-Fr:2PM-3PM
Off the Grid Services LLC",250 04TH ST,Mo/We:10AM-4PM
Roadside Rotisserie Corporation / Country Grill,225 BATTERY ST,Mo/We/Fr:9AM-3PM
Natan's Catering,950 HARRISON ST,
Park's Catering,1555 BURKE AVE,Mo-Fr:8AM-10AM
D & T Catering,2710 BROADWAY,Mo-Fr:9AM-10AM
San Pancho's Tacos,3119 ALEMANY BLVD,Sa-Su:7AM-8PM
Liang Bai Ping,1450 DONNER AVE,Mo-Fr:9AM-10AM
Sanguchon,100 SPEAR ST,Mo-Fr:11AM-3PM
Anas Goodies Catering,500 FRANCISCO ST,Mo-Fr:12PM-1PM
Santana ESG Inc.",200 SHOTWELL ST,Sa-Su:10AM-6PM;Mo-Fr:10AM-10PM
May Catering,3050 23RD ST,Mo-Fr:12PM-1PM
May Catering,301 BERRY ST,Mo-Fr:10AM-11AM
Natan's Catering,600 16TH ST,
Natan's Catering,2045 EVANS AVE,
Two G's Catering,840 BRANNAN ST,Mo-Fr:8AM-9AM
Mike's Catering,435 23RD ST,Mo-Fr:9AM-10AM
Kettle Corn Star,773 MARKET ST,Mo-Su:10AM-6PM
John's Catering #5,2500 MARIPOSA ST,Mo-Fr:8AM-9AM
Liang Bai Ping,1265 THOMAS AVE,Mo-Fr:11AM-12PM
D & T Catering,2940 PACIFIC AVE,Mo-Fr:9AM-10AM
Slider Shack LLC.",60 SPEAR ST,Tu/We:10AM-3PM
Two G's Catering,71 WILLIAMS AVE,Mo-Fr:9AM-10AM
John's Catering #5,270 MASONIC AVE,Mo-Fr:11AM-12PM
D & T Catering,2616 UNION ST,Mo-Fr:8AM-9AM
Natan's Catering,Assessors Block 7295/Lot022,
May Catering,800 JAMESTOWN AVE,Mo-Su:9AM-10AM
Liang Bai Ping,1135 REVERE AVE,Mo-Fr:11AM-12PM
May Catering,501 YORK ST,Mo-Fr:10AM-11AM/12PM-1PM/2PM-3PM
Two G's Catering,435 CHINA BASIN ST,Mo-Su:9AM-10AM
Park's Catering,300 NEWHALL ST,Mo-Fr:10AM-11AM
Mini Mobile Food Catering,245 01ST ST,Mo-Fr:10AM-11AM
Anas Goodies Catering,640 TEXAS ST,Mo-Fr:9AM-10AM
D & T Catering,2970 BROADWAY,Mo-Fr:10AM-11AM
Two G's Catering,1150 25TH ST,Mo-Fr:8AM-9AM
DO UC US Mobile Catering,1501 03RD ST,Mo-Fr:8AM-9AM
San Francisco Street Foods Inc.",100 POST ST,Mo-Su:6AM-12AM
BH & MT LLC,170 OTIS ST,Mo-Fr:6AM-9AM/11AM-3PM
Off the Grid Services LLC",185 BERRY ST,Su:10AM-6PM
Sanguchon,1601 MARIPOSA ST,Sa:11AM-4PM
Quan Catering,2190 CESAR CHAVEZ ST,Mo-Fr:8AM-9AM
Quan Catering,222 02ND ST,Mo-Fr:10AM-12PM
Natan's Catering,Assessors Block 8722/Lot003,
Mini Mobile Food Catering,350 08TH ST,Mo-Fr:10AM-11AM
Steve's Mobile Deli,101 UTAH ST,Mo-Fr:9AM-10AM
Philz Coffee Truck,15 MARINA BLVD,Sa-Su:6AM-8PM
Munch A Bunch,2222 17TH ST,Mo-Fr:5AM-6AM
Anas Goodies Catering,1750 FOLSOM ST,Mo-Fr:9AM-10AM
Hiyaaa,200 LARKIN ST,We/Th:9AM-3PM
Linda's Catering,290 TOWNSEND ST,Mo-Fr:10AM-3PM
Anas Goodies Catering,1315 ARMSTRONG AVE,Mo-Fr:8AM-9AM
Natan's Catering,2101 03RD ST,
Quan Catering,2920 03RD ST,Mo-Fr:9AM-10AM
Mike's Catering,1575 INDIANA ST,Mo-Fr:7AM-9AM
Quan Catering,2111 LANE ST,Mo-Fr:8AM-9AM
Eva's Catering,1100 ORTEGA ST,Mo-Fr:8AM-10AM
John's Catering #5,1830 HARRISON ST,Mo-Fr:2PM-3PM
Park's Catering,220 RANKIN ST,Mo-Fr:8AM-9AM/12PM-1PM
Natan's Catering,Assessors Block 4315/Lot03008,
Anas Goodies Catering,2150 CESAR CHAVEZ ST,Mo-Fr:10AM-11AM
Yummy Hot Dogs,945 MARKET ST,Mo/We/Fr:10AM-7PM
Off the Grid Services LLC",90 BROADWAY,Mo/We/Fr:10AM-3PM
Park's Catering,220 NEWHALL ST,Mo-Fr:9AM-10AM
Mini Mobile Food Catering,701 16TH ST,Mo-Fr:10AM-11AM/12PM-1PM
Eva's Catering,1900 19TH AVE,Sa:8AM-10AM
Scotch Bonnet,115 SANSOME ST,Fr:6AM-8PM
Casey's Pizza LLC,100 SPEAR ST,Tu/Th:9AM-3PM
Steve's Mobile Deli,90 TEHAMA ST,Mo-Fr:9AM-10AM
Mini Mobile Food Catering,355 BERRY ST,Mo-Fr:10AM-11AM/12PM-1PM
Liang Bai Ping,1335 YOSEMITE AVE,Mo-Fr:7AM-8AM/10AM-11AM
Anas Goodies Catering,1082 PENNSYLVANIA AVE,Mo-Fr:12PM-1PM
Quan Catering,151 EXECUTIVE PARK BLVD,Mo-Fr:9AM-10AM/11AM-12PM
Anas Goodies Catering,3255 03RD ST,Mo-Fr:11AM-12PM
Eva's Catering,530 05TH ST,Mo-Fr:4AM-5AM
Steve's Mobile Deli,48 WELSH ST,Mo-Fr:11AM-12PM
Casey's Pizza LLC,231 SANSOME ST,Mo/We:10AM-2PM
Steve's Mobile Deli,525 HOWARD ST,Mo-Fr:8AM-9AM/11AM-12PM
Subs on Hubs,400 05TH ST,Sa-Su:12AM-2AM;Fr/Sa:11PM-12AM
Natan's Catering,3201 03RD ST,
Park's Catering,1801 EVANS AVE,Mo-Fr:7AM-8AM
Mini Mobile Food Catering,355 FREMONT ST,Mo-Fr:9AM-10AM/11AM-12PM
May Catering,2000 FOLSOM ST,Mo-Fr:10AM-11AM
Mini Mobile Food Catering,Assessors Block 3905/Lot011,Mo/Mo/Mo/Mo/Mo:6AM-8AM/8AM-9AM
Quan Catering,722 BRANNAN ST,Mo-Fr:9AM-10AM
Mini Mobile Food Catering,147 FREMONT ST,Mo-Fr:9AM-10AM
Liang Bai Ping,931 PALOU AVE,Mo-Fr:9AM-10AM/10AM-11AM
DO UC US Mobile Catering,400 PARNASSUS AVE,Mo-Fr:9AM-4PM
May Catering,Assessors Block 8711/Lot023,Mo/Mo/Mo/Mo/Mo:9AM-10AM/10AM-11AM/12PM-1PM/1PM-2PM
Anas Goodies Catering,700 PENNSYLVANIA AVE,Mo-Fr:9AM-10AM/12PM-1PM
Natan's Catering,Assessors Block 8722/Lot001,
BH & MT LLC,949 PRESIDIO AVE,Mo-Fr:9AM-10AM
Natan's Catering,1140 07TH ST,
Eva's Catering,630 BRANNAN ST,Mo-Fr:5AM-7AM
D & T Catering,2854 GREEN ST,Mo-Fr:8AM-9AM
Two G's Catering,555 MISSION ROCK ST,Mo-Su:10AM-11AM
Tres Agaves Mexican Kitchen & Tequila Lounge LLC. dba Tres Truck,1700 16TH ST,We/Th/Fr:8AM-3PM
Quan Catering,3433 03RD ST,Mo-Fr:8AM-9AM/11AM-12PM
Anas Goodies Catering,3000 03RD ST,Mo-Fr:11AM-12PM
Park's Catering,Assessors Block 4755/Lot049,Mo/Mo/Mo/Mo/Mo:6AM-7AM/10AM-11AM/11AM-12PM
May Catering,100 POTRERO AVE,Mo-Fr:2PM-3PM
Natan's Catering,66 POTRERO AVE,
El Calamar Perubian Food Truck,85 02ND ST,Tu/We/Th:10AM-3PM
D & T Catering,3100 PACIFIC AVE,Mo-Fr:10AM-11AM
Linda's Catering,1219 07TH AVE,Sa-Su:9AM-5PM
John's Catering #5,1601 MARKET ST,Mo-Fr:10AM-11AM
Golden Catering,835 JAMESTOWN AVE,Mo-Su:10AM-11AM
Tres Agaves Mexican Kitchen & Tequila Lounge LLC. dba Tres Truck,301 RHODE ISLAND ST,Mo-We:8AM-3PM
Subs on Hubs,934 BRANNAN ST,Mo/Tu/We/Th:11AM-6PM
Off the Grid Services LLC",340 BRANNAN ST,Tu/Th:8AM-3PM
Two G's Catering,950 BRYANT ST,Mo-Fr:8AM-9AM
Park's Catering,190 NAPOLEON ST,Mo-Fr:9AM-10AM
San Pancho's Tacos,491 BAY SHORE BLVD,Mo/Tu/We/Th/Fr:6AM-10PM
San Francisco Carts & Concessions Inc. DBA Stanley's Steamers Hot Dogs",251 GEARY ST,Mo-Su:6AM-12AM
Casey's Pizza LLC,368 FELL ST,Su:12PM-8PM;Fr:3PM-8PM;Sa:4PM-8PM
Steve's Mobile Deli,175 BLUXOME ST,Mo-Fr:7AM-8AM
BH & MT LLC,3253 16TH ST,Mo-Fr:10AM-11AM
Anas Goodies Catering,131 SHOTWELL ST,Mo-Fr:11AM-12PM
Natan's Catering,888 MARIN ST,
Bay Area Dots LLC",900 BEACH ST,Mo-Su:6AM-12AM
John's Catering #5,560 MISSION ST,Mo-Fr:6AM-7AM
May Catering,350 MISSION ST,Mo-Fr:6PM-7PM
Steve's Mobile Deli,390 01ST ST,Mo-Fr:6AM-7AM/11AM-12PM
John's Catering #5,180 REDWOOD ST,Mo-Fr:9AM-10AM
D & T Catering,2840 BROADWAY,Mo-Fr:10AM-11AM
Anas Goodies Catering,1255 22ND ST,Mo-Fr:12PM-1PM
CARDONA'S FOOD TRUCK,1800 MISSION ST,Tu/We/Th:8AM-5PM
May Catering,1059 EVANS AVE,Mo-Fr:10AM-11AM
May Catering,1300 BRYANT ST,Mo-Fr:3PM-4PM
Park's Catering,1000 EVANS AVE,Mo-Fr:11AM-12PM
San Pancho's Tacos,1271 CAPITOL AVE,Su:7AM-7PM
May Catering,2 ULLOA ST,Mo-Su:9AM-10AM
May Catering,3251 26TH ST,Mo-Fr:11AM-12PM
Anas Goodies Catering,1420 CARROLL AVE,Mo-Fr:7AM-8AM
Munch A Bunch,1850 MISSION ST,Sa-Su:8AM-4PM
Anas Goodies Catering,1051 26TH ST,Mo-Fr:11AM-12PM
Roadside Rotisserie Corporation / Country Grill,90 BROADWAY,Mo/We/Fr:10AM-2PM
BH & MT LLC,2001 MARKET ST,
Mini Mobile Food Catering,401 HARRISON ST,Mo-Fr:10AM-11AM
Mike's Catering,1310 MINNESOTA ST,Mo-Fr:10AM-11AM/1PM-2PM
D & T Catering,2521 SCOTT ST,Mo-Fr:9AM-10AM
Sanguchon,475 CALIFORNIA ST,Mo/We/Fr:11AM-3PM
May Catering,720 YORK ST,Mo-Fr:10AM-11AM
Natan's Catering,Assessors Block 5369/Lot003,
Liang Bai Ping,1180 THOMAS AVE,Mo-Fr:8AM-9AM
Anas Goodies Catering,133 SHIPLEY ST,Mo-Fr:9AM-10AM
May Catering,2500 16TH ST,Mo-Fr:12PM-1PM
Anas Goodies Catering,1347 DONNER AVE,Mo-Fr:7AM-8AM
May Catering,1075 LE CONTE AVE,Mo-Fr:10AM-11AM
F & C Catering,2890 03RD ST,Mo-Fr:6AM-9AM/12PM-1PM
Two G's Catering,945 BRYANT ST,Mo-Fr:8AM-9AM
Anas Goodies Catering,1090 26TH ST,Mo-Fr:11AM-12PM
May Catering,Assessors Block 4347a/Lot004,Mo/Mo/Mo/Mo/Mo:9AM-10AM/10AM-11AM/12PM-1PM/1PM-2PM
Natan's Catering,555 MISSOURI ST,
D & T Catering,2750 SCOTT ST,Mo-Fr:8AM-9AM
May Catering,2501 CESAR CHAVEZ ST,Mo-Fr:9AM-10AM/12PM-1PM
Eva's Catering,2600 INGALLS ST,Mo/We/Fr:10AM-2PM
John's Catering #5,2157 BRYANT ST,Mo-Fr:12PM-1PM
Natan's Catering,Assessors Block 4227/Lot012,
Liang Bai Ping,1500 WALLACE AVE,Mo-Fr:10AM-11AM
Santana ESG Inc.",1 SANSOME ST,Mo-Fr:11AM-3PM
Tacos El Flaco,2901 03RD ST,Mo/Tu/We/Th/Fr:7AM-6PM
Mini Mobile Food Catering,355 11TH ST,Mo-Fr:9AM-10AM
Anas Goodies Catering,3150 03RD ST,Mo-Fr:9AM-10AM/11AM-12PM
Liang Bai Ping,1420 YOSEMITE AVE,Mo-Fr:7AM-8AM
Anas Goodies Catering,601 MARIPOSA ST,Mo-Fr:9AM-10AM/12PM-1PM
Quan Catering,645 BRYANT ST,Mo-Fr:9AM-10AM
May Catering,600 ILLINOIS ST,Mo-Fr:9AM-10AM
Creme Brulee To Go,801 MARKET ST,Mo-Su:11AM-7PM
Natan's Catering,Assessors Block 3941/Lot001,
Two G's Catering,599 08TH ST,Mo-Fr:12PM-2PM
Santana ESG Inc.",2598 HARRISON ST,Mo-Su:9AM-10PM
John's Catering #5,164 14TH ST,Mo-Fr:10AM-11AM
John's Catering #5,610 BRANNAN ST,Mo-Fr:9AM-10AM
Two G's Catering,Assessors Block 8720/Lot008,Mo-Su:10AM-11AM
DO UC US Mobile Catering,1420 04TH ST,Mo-Fr:9AM-10AM
Natan's Catering,146 CONNECTICUT ST,
Roadside Rotisserie Corporation / Country Grill,451 MONTGOMERY ST,Mo/We/Fr:9AM-3PM
Mini Mobile Food Catering,1690 FOLSOM ST,Mo-Fr:8AM-9AM
Liang Bai Ping,1450 WALLACE AVE,Mo-Fr:10AM-11AM
John's Catering #5,300 HOWARD ST,Mo-Fr:6AM-7AM/12PM-1PM
May Catering,2150 HARRISON ST,Mo-Fr:12PM-1PM
Linda's Catering,617 BRYANT ST,Mo/Tu/Th/Fr:8AM-9AM/10AM-11AM
Park's Catering,2323 CESAR CHAVEZ ST,Mo-Fr:6AM-8AM
Golden Catering,101 EXECUTIVE PARK BLVD,Mo-Su:10AM-11AM
Quan Catering,400 BEALE ST,Mo-Fr:11AM-12PM
Roadside Rotisserie Corporation / Country Grill,1 POST ST,Tu/Th/Fr:6PM-8PM
Faith Sandwich,560 MISSION ST,Mo-Fr:8AM-3PM
Park's Catering,2020 EVANS AVE,Mo-Fr:8AM-9AM
Natan's Catering,Assessors Block 4046/Lot001,
Casey's Pizza LLC,1 POST ST,Sa:12PM-4PM;Tu/We/Th:3PM-8PM
Munch A Bunch,400 PARNASSUS AVE,Mo-Fr:7AM-8AM
Eva's Catering,1199 ORTEGA ST,Sa:8AM-10AM
Subs on Hubs,333 08TH ST,Th/Fr:12AM-2AM;We/Th:11PM-12AM
BH & MT LLC,401 23RD ST,Mo-Fr:11AM-12PM
Natan's Catering,Assessors Block 4241/Lot002,
Roadside Rotisserie Corporation / Country Grill,333 BRANNAN ST,Mo/Tu/Th:9AM-6PM
May Catering,1322 04TH ST,Mo-Fr:9AM-10AM
Natan's Catering,50 QUINT ST,
Off the Grid Services LLC",670 05TH ST,Mo/We/Fr:8AM-3PM
May Catering,2300 CESAR CHAVEZ ST,Mo-Fr:1PM-2PM
May Catering,3000 23RD ST,Mo-Fr:9AM-10AM
Plaza Garibaldy,475 CALIFORNIA ST,Tu/Th/Sa:10AM-3PM
May Catering,Assessors Block 8710/Lot003,Mo/Mo/Mo/Mo/Mo:9AM-10AM/10AM-11AM/12PM-1PM/1PM-2PM
Park's Catering,1200 MISSISSIPPI ST,Mo-Fr:5AM-6AM
Mini Mobile Food Catering,Assessors Block 4341/Lot001,Mo/Mo/Mo/Mo/Mo:6AM-8AM/8AM-9AM
May Catering,Assessors Block /Lot,Mo/Mo/Mo/Mo/Mo:9AM-10AM/10AM-11AM/12PM-1PM/1PM-2PM
Natan's Catering,Assessors Block 4103/Lot023A,
Liang Bai Ping,1515 GRIFFITH ST,Mo/Mo/Tu/Tu/We:8AM-9AM
Let's Be Frank,404 OCTAVIA ST,Fr:11AM-5PM
Anas Goodies Catering,1040 MARIPOSA ST,Mo-Fr:11AM-12PM
Liang Bai Ping,201 FOLSOM ST,Mo-Fr:7AM-8AM
Paradise Catering,19 CLEMENTINA ST,Mo-Fr:9AM-10AM
F & C Catering,1275 MINNESOTA ST,Mo-Fr:9AM-10AM
Yummy Hot Dogs,954 MARKET ST,Tu/Th/Sa:10AM-7PM
Liang Bai Ping,2200 OFARRELL ST,Mo-Fr:12PM-1PM
John's Catering #5,2200 HAYES ST,Mo-Fr:11AM-2PM
Steve's Mobile Deli,860 02ND ST,Mo-Fr:6AM-7AM/11AM-12PM
Liang Bai Ping,1145 REVERE AVE,Mo-Fr:7AM-8AM
Liang Bai Ping,1440 BANCROFT AVE,Mo-Fr:9AM-10AM/12PM-1PM
JapaCurry,217 SANSOME ST,Mo/Tu/Fr:11AM-2PM
Anas Goodies Catering,2085 03RD ST,Mo-Fr:7AM-8AM
Liang Bai Ping,1337 VAN DYKE AVE,Mo-Fr:9AM-10AM
The New York Frankfurter Co. of CA Inc. DBA: Annie's Hot Dogs",870 MARKET ST,Mo-Su:6AM-9PM
D & T Catering,1150 FRANCISCO ST,Mo-Fr:12PM-1PM
Munch A Bunch,1144 LARKIN ST,Mo-Fr:10AM-11AM
Natan's Catering,Assessors Block 4281a/Lot012A,
May Catering,2525 MARIN ST,Mo-Fr:7AM-8AM
Natan's Catering,1580 BURKE AVE,
Steve's Mobile Deli,750 02ND ST,Mo-Fr:7AM-8AM/10AM-11AM/12PM-1PM
Mike's Catering,435 CHINA BASIN ST,Mo-Fr:11AM-1PM
Curry Up Now,370 DRUMM ST,Mo/Tu/We/Th/Fr:2PM-3PM
May Catering,501 ALABAMA ST,Mo-Fr:10AM-11AM
Philz Coffee Truck,735 MONTGOMERY ST,Mo-We:6AM-6PM
San Francisco Street Foods Inc.",1 THE EMBARCADERO,Mo-Su:6AM-12AM
Anas Goodies Catering,601 23RD ST,Mo-Fr:9AM-10AM
CARDONA'S FOOD TRUCK,1888 MISSION ST,Sa-Su:8AM-5PM
Anas Goodies Catering,1575 INDIANA ST,Mo-Fr:11AM-12PM
May Catering,2090 EVANS AVE,Mo-Fr:3PM-4PM
Anas Goodies Catering,951 INDIANA ST,Mo-Fr:12PM-1PM
Anas Goodies Catering,1346 EDDY ST,Mo-Fr:8AM-9AM
Kettle Corn Star,865 MARKET ST,Mo-Su:10AM-6PM
Quan Catering,50 CALIFORNIA ST,Mo-Fr:12PM-1PM
Park's Catering,1650 DAVIDSON AVE,Mo-Fr:8AM-9AM
JapaCurry,602 MISSION ST,We/Th:10AM-2PM
Munch A Bunch,365 FULTON ST,Mo-Fr:10AM-11AM
Linda's Catering,501 02ND ST,Mo-Fr:10AM-12PM
Quan Catering,201 ALABAMA ST,Mo-Fr:8AM-9AM
May Catering,620 YORK ST,Mo-Fr:9AM-10AM
Anas Goodies Catering,815 TENNESSEE ST,Mo-Fr:8AM-9AM
Park's Catering,10 LOOMIS ST,Mo-Fr:8AM-9AM
Natan's Catering,Assessors Block 5598/Lot031,
Anas Goodies Catering,208 PENNSYLVANIA AVE,Mo-Fr:8AM-9AM
May Catering,2800 03RD ST,Mo-Fr:11AM-12PM
Steve's Mobile Deli,275 STEUART ST,Mo-Fr:7AM-8AM/9AM-10AM
Anas Goodies Catering,150 OTIS ST,Mo-Fr:10AM-11AM
San Francisco Carts & Concessions Inc. DBA Stanley's Steamers Hot Dogs,100 GEARY ST,Mo-Su:6AM-12AM
Philz Coffee Truck,401 CALIFORNIA ST,Tu/We/Th:6AM-3PM
Mike's Catering,409 ILLINOIS ST,Mo-Fr:11AM-1PM
May Catering,2270 JERROLD AVE,Mo-Fr:8AM-9AM
Anas Goodies Catering,380 10TH ST,Mo-Fr:9AM-10AM
May Catering,1000 ILLINOIS ST,Mo-Fr:8AM-9AM
Natan's Catering,Assessors Block 5216/Lot030,
F & C Catering,1500 TENNESSEE ST,Mo-Fr:8AM-10AM/10AM-11AM
Mini Mobile Food Catering,420 BERRY ST,Mo-Fr:9AM-10AM
Natan's Catering,3040 HARRISON ST,
Anas Goodies Catering,1400 MINNESOTA ST,Mo-Fr:8AM-9AM/11AM-12PM
Liang Bai Ping,1389 UNDERWOOD AVE,Mo-Fr:8AM-9AM
Two G's Catering,1799 03RD ST,Mo-Fr:6AM-7AM
Park's Catering,Assessors Block 4645/Lot015,Mo/Mo/Mo/Mo/Mo:6AM-7AM/10AM-11AM/11AM-12PM
Golden Catering,601 CRESCENT AVE,Mo/Tu/We/Th/Fr:11AM-12PM
Park's Catering,2525 MARIN ST,Mo-Fr:10AM-11AM
May Catering,180 NAPOLEON ST,Mo-Fr:9AM-10AM/11AM-12PM/2PM-3PM
Tacos El Ojo De Agua,551 03RD ST,Mo-Fr:9AM-4PM
May Catering,900 MINNESOTA ST,Mo-Fr:8AM-9AM/2PM-3PM
Two G's Catering,975 INDIANA ST,Mo-Fr:8AM-9AM
Steve's Mobile Deli,390 04TH ST,Mo-Fr:9AM-10AM
Anas Goodies Catering,6000 03RD ST,
F & C Catering,1550 EVANS AVE,Mo-Fr:11AM-12PM
May Catering,185 BERRY ST,Mo-Fr:6PM-7PM
Anas Goodies Catering,790 TENNESSEE ST,Mo-Fr:8AM-9AM
Hiyaaa,111 BATTERY ST,Tu/Fr:9AM-3PM
May Catering,2400 CESAR CHAVEZ ST,Mo-Fr:6AM-7AM
Liang Bai Ping,1460 BANCROFT AVE,Mo-Fr:9AM-10AM
Slider Shack LLC.,400 HOWARD ST,Mo/Th/Fr:10AM-3PM
Natan's Catering,350 KANSAS ST,
Casey's Pizza LLC,654 MISSION ST,Fr:11AM-3PM
Golden Catering,301 EXECUTIVE PARK BLVD,Mo-Su:10AM-11AM
Liang Bai Ping,1153 SHAFTER AVE,Mo-Fr:11AM-12PM
Natan's Catering,3335 17TH ST,
Halal Cart of San Francisco,400 MONTGOMERY ST,Tu/Th:10AM-4PM
F & C Catering,444 TOWNSEND ST,Mo-Fr:10AM-11AM
Halal Cart LLC,455 MARKET ST,Mo-Su:10AM-8PM
Halal Cart LLC,400 MONTGOMERY ST,Mo/We/Fr:10AM-3PM
Natan's Catering,1801 EVANS AVE,
May Catering,600 TOLAND ST,Mo-Fr:7AM-8AM
Leo's Hot Dogs,2301 MISSION ST,Mo-Su:6PM-12AM
Fresh Made Cafe,901 MISSION ST,Mo/We/Fr:6AM-5PM
Tacos El Primo,1700 EVANS AVE,Mo-Fr:10AM-4PM
El Tonayense #60,2355 FOLSOM ST,Mo-Su:4PM-10PM
Halal Food,50 CALIFORNIA ST,
Tacos El Primo,345 WILLIAMS AVE,Su:8AM-10PM;Mo/Tu/We/Th/Fr:4PM-10PM
El Tonayanse #4 / #36,1717 HARRISON ST,Mo-Su:10AM-7PM
El Tonayense #60,401 TREAT AVE,Mo-Su:10AM-4PM
Tacos El Primo,1495 WALLACE AVE,Tu/Sa:8AM-3PM;Mo/Tu/We/Th/Fr:10AM-2PM
Tacos Santana,2101 CARROLL AVE,Mo-Su:10AM-9PM
Tacos Santana,2142 JERROLD AVE,Mo-Su:5PM-10PM
Tacos Santana,1700 JERROLD AVE,Mo-Su:11AM-5PM
Kabob Trolley LLC,1133 MISSION ST,Mo/Tu/Fr:9AM-4PM
Rita's Catering,1028 MISSION ST,Mo/We/Fr:7AM-3PM
Got Snacks,1020 03RD ST,Mo-Su:10AM-9PM
Expresso Subito LLC.,150 CALIFORNIA ST,Mo-Fr:6AM-5PM
Senor Sisig,90 BROADWAY,Tu/Th:10AM-3PM
Expresso Subito LLC.,85 02ND ST,
Expresso Subito LLC.,150 CALIFORNIA ST,Tu/Th:6AM-8PM
Bonito Poke,400 HOWARD ST,Mo:10AM-2PM
Munch India,400 CALIFORNIA ST,Mo/Fr:9AM-3PM
Buenafe,901 16TH ST,Mo-We:8AM-5PM
The Sandwich Stand LLC.,58 MAIN ST,Mo-Fr:8AM-5PM
Alfaro Truck,306 VALENCIA ST,Th/Fr/Sa:2PM-10PM
Bay Area Mobile Catering Inc. dba. Taqueria Angelica's,1501 FOLSOM ST,Sa-Su:12AM-3AM;Fr/Sa:9PM-12AM
Bay Area Mobile Catering Inc. dba. Taqueria Angelica's,1455 MARKET ST,Mo/Tu/We/Th/Fr:7AM-6PM
Bay Area Mobile Catering Inc. dba. Taqueria Angelica's,3065 25TH ST,Su:10AM-6PM
Bay Area Mobile Catering Inc. dba. Taqueria Angelica's,1301 CESAR CHAVEZ ST,Mo-Fr:9AM-5PM
Wonder Philly,960 04TH ST,Mo-We:9AM-5PM
Khalid M Malik,Assessors Block /Lot,
Off the Grid Services LLC,Assessors Block /Lot,Tu/Th/Fr:10AM-3PM
Chairman SF LLC,400 CALIFORNIA ST,Tu/Th:10AM-3PM
Chairman SF LLC,536 MISSION ST,Mo/We/Fr:10AM-3PM
Chairman SF LLC,625 02ND ST,Mo-Fr:12PM-5PM
Chairman SF LLC,34 ELLIS ST,Mo/We/Fr:10AM-3PM;Sa-Su:11AM-2PM/1PM-4PM
Think is Good Inc.,560 MISSION ST,Tu/Th:10AM-3PM
Think is Good Inc.,100 PINE ST,Mo/We/Fr:10AM-3PM
Think is Good Inc.,430 CALIFORNIA ST,Mo/We/Fr:10AM-3PM
Akuranvyka USA Inc,601 03RD ST,Tu/Th/Fr:12PM-1PM
Akuranvyka USA Inc,727 SANSOME ST,Mo/Tu/Th:12PM-1PM
SPUNBYSS,350 MISSION ST,Mo/Mo/We/We:10AM-2PM
SPUNBYSS,240 02ND ST,
Wu Wei LLC dba MoBowl,500 HOWARD ST,Mo/Fr:10AM-2PM
Wu Wei LLC dba MoBowl,75 HOWARD ST,Mo/We:10AM-3PM
Wu Wei LLC dba MoBowl,253 DRUMM ST,Tu/Th:10AM-3PM
Wu Wei LLC dba MoBowl,900 FRONT ST,Fr:10AM-3PM
Wu Wei LLC dba MoBowl,370 DRUMM ST,Su:10AM-11PM
San Francisco's Hometown Creamery,281 GEARY ST,Su:11AM-11PM;Fr/Sa:6PM-11PM
Tacos Rodriguez,600 MENDELL ST,Su/Fr/Sa:8AM-6PM
Senor Sisig,90 BROADWAY,Tu/Th:10AM-3PM
Senor Sisig,120 02ND ST,Mo-Fr:11AM-2PM
Tacos Rodriguez,2198 OAKDALE AVE,Mo-Fr:8AM-5PM
Senor Sisig,101 CALIFORNIA ST,Mo/We/Fr:10AM-3PM
Senor Sisig,300 PINE ST,Mo-Fr:11AM-2PM
Tacos Rodriguez,1275 EVANS AVE,Mo-Su:8AM-8PM
Senor Sisig,120 ELLIS ST,Sa-Su:11AM-6PM
Senor Sisig,8 10TH ST,Mo/We/Fr:11AM-2PM
Senor Sisig,901 MISSION ST,Tu/Th:10AM-3PM
Tacos Rodriguez,1 SANSOME ST,Mo-Fr:11AM-3PM
Giant Burrito,1500 GENEVA AVE,Su:7AM-6PM
Giant Burrito,353 BAY SHORE BLVD,Mo/Tu/We/Th/Fr:7AM-6PM
LA COCINA,1028 MARKET ST,